ID,Type,Category,Severity,Location,Evidence,User Impact / Status,Resolution & Acceptance,Effort,Confidence,Status,Commit Hash
P-01,PRO,Product,Low,src/pages/Home.jsx,v3_home_desktop.png,Clear immediate understanding of route recovery once hero is visible,Maintained clear tagline and 3-step value explanation,S,Verified,MAINTAINED,Baseline
P-02,PRO,Information Architecture,Low,src/components/Navbar.jsx,v3_audit_summary.json,Minimal cognitive load with strictly 4 primary navigation items,Maintained 4-nav constraint (Home, Planner, Safety, Saved),S,Verified,MAINTAINED,Baseline
P-03,PRO,Code Architecture,Low,src/,tests/guards/regression_guards.test.mjs,Zero bloat or obsolete code; 7 requested features cleanly excised,Kept codebase lean and focused on core multimodal route recovery,S,Verified,MAINTAINED,Baseline
P-04,PRO,Performance,Low,server/services/routeEngine.js,v3_route_battery.json,Sub-millisecond route generation ensures instant feedback,Maintained in-memory pre-indexed timetable graph,M,Verified,MAINTAINED,Baseline
P-05,PRO,Engine Correctness,Low,server/services/contingencyEngine.js,v3_audit_summary.json,Precise mathematical slack absorption and point-of-no-return calculation,Interactive delay slider mounted in results with slack recomputation,S,Verified,MAINTAINED,Baseline
P-06,PRO,Security,Low,src/ & git history,v3_audit_summary.json,Zero API keys or secrets leaked in client bundle or commit history,Server-side API proxy pattern and zero secrets in git history,S,Verified,MAINTAINED,Baseline
P-07,PRO,Testing,Low,tests/,npm test suite,266/266 tests passed with 0 failures across all unit and integration suites,Maintained 100% passing test suite across all 30 sprint days,S,Verified,MAINTAINED,Baseline
P-08,PRO,Visual Design,Low,src/index.css,v3_axe_report.json,Zero horizontal scroll overflow across responsive viewports,Enforced strict container max-widths and responsive padding,S,Verified,MAINTAINED,Baseline
P-09,PRO,Privacy,Low,src/pages/PrivacyPolicy.jsx,v3_privacy_desktop.png,Zero-ID local-first storage with 1-click DPDP 2023 erasure button,Data minimization policy strictly enforced with Zero-ID compliance,S,Verified,MAINTAINED,Baseline
P-10,PRO,Reliability,Low,src/pages/SafetyMode.jsx,v3_safety_desktop.png,1-tap 112/139 emergency dialers and offline-accessible boarding passes,Safety hub and 4 emergency dialers accessible offline and on-demand,S,Verified,MAINTAINED,Baseline
C-01,CON,UX and UI,Critical,src/App.jsx:138-139,v3_home_desktop.png,Cold visit loads with 0 modal gates or backdrops; clean hero immediately visible,Excised cold-start auto-prompts; voice and location triggered on-demand,S,Verified,FIXED-VERIFIED,f07d41e
C-02,CON,Spec Compliance,Critical,src/components/BlindVoiceGate.jsx,v3_audit_summary.json,Zero auto-invoked BlindVoiceGate on cold visit per Master Spec Sec 8,Voice assistance available solely via search bar mic on-demand,S,Verified,FIXED-VERIFIED,28090ec
C-03,CON,Security and Privacy,High,src/components/LocationPermissionGate.jsx,v3_audit_summary.json,Geolocation requested strictly inside SafetyMode upon user tap of Share Pin,Zero cold-load location permission popups on cold visit,S,Verified,FIXED-VERIFIED,f8e539d
C-04,CON,Data Honesty,High,src/utils/multimodalRouter.js,v3_audit_summary.json,Purged all ungrounded confirmed/guaranteed claims from static timetable itineraries,Enforced verified schedule and clear provenance badges on all legs,S,Verified,FIXED-VERIFIED,19c7949
C-05,CON,Engine Correctness,Critical,shared/data/trains.json,v3_audit_summary.json,Expanded canonical timetable dataset from 12 to 44 express trains across 39 stations,High-traffic intercity trunk routes generate valid multi-leg connections,L,Verified,FIXED-VERIFIED,fb6f743
C-06,CON,Engine Correctness,Medium,server/services/routeEngine.js,v3_audit_summary.json,Deep links convert railway station codes to human city slugs for redBus and IATA for flights,Generated deep links load valid search pages without 404 or bad query errors,M,Verified,FIXED-VERIFIED,44dc282
C-07,CON,UX and UI,High,src/components/LiveResultsPanel.jsx,v3_planner_desktop.png,Search results render inline in page flow without full-screen modal or scroll-lock,Delay Simulator Route Map and Alternate Quotas remain seamlessly accessible,M,Verified,FIXED-VERIFIED,d47236c
C-08,CON,Information Architecture,Medium,src/pages/Home.jsx & Planner.jsx,v3_planner_desktop.png,Navigating from Home with search params triggers search immediately on Planner,Search auto-triggers on URL params without requiring a second click,S,Verified,FIXED-VERIFIED,643c5f4
C-09,CON,Accessibility,High,src/components/Footer.jsx & legal pages,v3_axe_report.json,WCAG 2.1 AA color contrast violations resolved across all 7 application routes,Axe-core scan reports 0 serious/critical violations and 0 contrast violations,S,Verified,FIXED-VERIFIED,36b39e6
C-10,CON,DevOps,High,vercel.json,v3_audit_summary.json,Added strict Content-Security-Policy and Strict-Transport-Security headers in vercel.json,Strict CSP headers deployed without breaking Leaflet map tiles or scripts,S,Verified,FIXED-VERIFIED,2ec2983
C-11,CON,Code Architecture,Medium,src/pages/Planner.jsx,v3_planner_desktop.png,Consolidated WaitlistBypassContrast to a single container mount in Planner,Eliminated duplicate component DOM mounts,S,Verified,FIXED-VERIFIED,888c82a
C-12,CON,Performance,Medium,package.json & src/App.jsx,v3_audit_summary.json,Removed unused @clerk/clerk-react dependency and ClerkSessionBridge chunk,Eliminated 205 KB vendor-auth chunk from production client bundle,S,Verified,FIXED-VERIFIED,51640ab
C-13,CON,Security,Medium,package.json,v3_audit_summary.json,Patched transitive dependency vulnerabilities via overrides and npm audit fix,Production dependencies have 0 high and 0 critical vulnerabilities,S,Verified,FIXED-VERIFIED,ae8079c
C-14,CON,UX and UI,Low,src/pages/Home.jsx & 4 date inputs,v3_home_desktop.png,HTML date pickers enforce min attribute set to current date preventing past date selection,Native date inputs reject past dates with rangeUnderflow violation,S,Verified,FIXED-VERIFIED,e0ef1e7
C-15,CON,Business,Medium,src/components/MultimodalTimelineCard.jsx,v3_planner_desktop.png,Added statutory unbundled multi-ticket disclaimer on cards legal page and pitch matrix,Discloses separate PNRs independent contracts and buffer recommendations,L,Verified,FIXED-VERIFIED,eeba274
