ID,Type,Category,Severity,Location,Evidence,User Impact,Recommendation,Effort,Confidence,Dependencies
P-01,PRO,Product,Low,src/pages/Home.jsx,part1_results.json,Clear immediate understanding of route recovery once hero is visible,Maintain clear tagline and 3-step value explanation,S,Verified,None
P-02,PRO,Information Architecture,Low,src/components/Navbar.jsx,part3_interaction_budget.json,Minimal cognitive load with strictly 4 primary navigation items,Keep 4-nav constraint,S,Verified,None
P-03,PRO,Code Architecture,Low,src/,part2_grep_results.json,Zero bloat or obsolete code; 7 requested features cleanly excised,Keep codebase focused on core transit problem,S,Verified,None
P-04,PRO,Performance,Low,server/services/routeEngine.js,part8_performance_report.json,Sub-millisecond route generation (p50 0.26ms) ensures instant feedback,Maintain in-memory pre-indexed timetable graph,M,Verified,None
P-05,PRO,Engine Correctness,Low,server/services/contingencyEngine.js,part4_battery_results.json,Precise mathematical slack absorption and point-of-no-return calculation,Expose interactive delay slider prominently in results,S,Verified,None
P-06,PRO,Security,Low,src/ & git history,part10_security_report.json,Zero API keys or secrets leaked in client bundle or commit history,Maintain server-side API proxy pattern,S,Verified,None
P-07,PRO,Testing,Low,tests/,npm test runs 1-3,216/216 tests passed across 3 consecutive runs with 0% flakiness,Maintain regression test suite in CI pipeline,S,Verified,None
P-08,PRO,Visual Design,Low,src/index.css,part6_visual_report.json,Zero horizontal scroll overflow across 5 responsive viewports (360px-1920px),Keep strict container max-widths and responsive padding,S,Verified,None
P-09,PRO,Privacy,Low,src/pages/PrivacyPolicy.jsx,part9_security_report.json,Zero-ID local-first storage with 1-click DPDP 2023 erasure button,Keep data minimization policy strictly enforced,S,Verified,None
P-10,PRO,Reliability,Low,src/pages/SafetyMode.jsx,part5_mobile_tasks_clean.json,1-tap 112/139 emergency dialers and offline-accessible boarding passes,Keep safety hub and emergency dialers accessible offline,S,Verified,None
C-01,CON,UX and UI,Critical,src/App.jsx:138-139,part1_results.json,BlindVoiceGate and LocationPermissionGate simultaneously overlay cold visits intercepting pointer events,Remove cold-start auto-prompt; move to explicit user actions,S,Verified,App.jsx
C-02,CON,Spec Compliance,Critical,src/components/BlindVoiceGate.jsx,MASTER_SPEC.md:87,Spec explicitly ordered removal of blocking Are you blind? gate but component remains active,Delete BlindVoiceGate auto-render from App.jsx,S,Verified,App.jsx
C-03,CON,Security and Privacy,High,src/components/LocationPermissionGate.jsx,MASTER_SPEC.md:152,Location permission requested on cold load without explicit user gesture violating Spec Sec 15,Only request geolocation inside SafetyMode when user taps Share Pin,S,Verified,LocationPermissionGate.jsx
C-04,CON,Data Honesty,High,src/utils/multimodalRouter.js:189,part3_honesty_grep.json,Itineraries badged as confirmed without live provider availability violating Spec Sec 5,Replace confirmed with verified schedule or available at last check,S,Verified,multimodalRouter.js
C-05,CON,Engine Correctness,Critical,shared/data/trains.json,part4_battery_results.json,Timetable dataset contains only 12 trains causing 85% of realistic transit routes to return 0 options,Expand dataset to top 200 trunk express trains or clearly scope demo routes,L,Verified,trains.json
C-06,CON,Engine Correctness,Medium,server/services/routeEngine.js:141,part4_battery_results.json,Station codes passed into redBus path slugs and Google Flights instead of city names/IATA codes,Add station-to-city and station-to-IATA mapping helper for deep links,M,Verified,routeEngine.js
C-07,CON,UX and UI,High,src/components/LiveResultsPanel.jsx:480,part5_mobile_tasks.json,Full-screen modal covers page and blocks access to underlying Delay Simulator and Route Map,Render results inline in page rather than in a blocking modal dialog,M,Verified,Planner.jsx
C-08,CON,Information Architecture,Medium,src/pages/Home.jsx:86,part3_search_flow.json,Submitting search on Home redirects to Planner with filled form requiring a second search click,Auto-trigger search on Planner if valid query parameters are present in URL,S,Verified,Planner.jsx
C-09,CON,Accessibility,High,src/components/Footer.jsx,part7_a11y_report.json,Axe-core serious contrast violations on footer buttons and legal page text (cyan on dark slate),Adjust footer and legal text colors to pass WCAG 2.1 AA 4.5:1 ratio,S,Verified,Footer.jsx
C-10,CON,DevOps,High,vercel.json,part10_security_report.json,Content-Security-Policy header is missing on live production Vercel deployment,Add Content-Security-Policy header to vercel.json headers config,S,Verified,vercel.json
C-11,CON,Code Architecture,Medium,src/pages/Planner.jsx,part5_mobile_tasks_clean.json,Duplicate WaitlistBypassContrast mounted simultaneously in Planner and LiveResultsPanel,Consolidate component mount to single container in Planner,S,Verified,Planner.jsx
C-12,CON,Performance,Medium,package.json,part8_performance_report.json,205 KB @clerk/clerk-react bundled in client assets despite auth being disabled,Lazy-load or remove Clerk dependency until authentication is activated,S,Verified,package.json
C-13,CON,Security,Medium,package.json,part10_security_report.json,npm audit reports 14 vulnerabilities (9 high 5 moderate),Run npm audit fix to update vulnerable transitive dependencies,S,Verified,package.json
C-14,CON,UX and UI,Low,src/pages/Home.jsx:197,Home.jsx:197,HTML date picker allows selection of past dates without min attribute constraint,Add min={localDateIso()} to date input elements,S,Verified,Home.jsx
C-15,CON,Business,Medium,docs/pitch/real-vs-demo-matrix.md,real-vs-demo-matrix.md,No refund or protection if Leg 1 delay causes missed Leg 2 connection on separate PNRs,Partner with intercity bus operators or offer connection delay guarantee,L,Inferred,None
